Year,Winner,Time,Speed,Distance,Version
1875,Aristides,157.75,34.231379,1.5,long
1876,Vagrant,158.25,34.123223,1.5,long
1877,Baden-Baden,158,34.177215,1.5,long
1878,Day Star,157.25,34.340223,1.5,long
1879,Lord Murphy,157,34.394904,1.5,long
1880,Fonso,157.5,34.285714,1.5,long
1881,Hindoo,160,33.75,1.5,long
1882,Apollo,160.25,33.697348,1.5,long
1883,Leonatus,163,33.128834,1.5,long
1884,Buchanan,160.25,33.697348,1.5,long
1885,Joe Cotton,157.25,34.340223,1.5,long
1886,Ben Ali,156.5,34.504792,1.5,long
1887,Montrose,159.25,33.908948,1.5,long
1888,Macbeth II,158.25,34.123223,1.5,long
1889,Spokane,154.5,34.951456,1.5,long
1890,Riley,165,32.727273,1.5,long
1891,Kingman,172.25,31.349782,1.5,long
1892,Azra,161.5,33.436533,1.5,long
1893,Lookout,159.25,33.908948,1.5,long
1894,Chant,161,33.540373,1.5,long
1895,Halma,157.5,34.285714,1.5,long
1896,Ben Brush,127.75,35.225049,1.25,short
1897,Typhoon II,132.5,33.962264,1.25,short
1898,Plaudit,129,34.883721,1.25,short
1899,Manuel,132,34.090909,1.25,short
1900,Lieut. Gibson,126.25,35.643564,1.25,short
1901,His Eminence,127.75,35.225049,1.25,short
1902,Alan-a-Dale,128.75,34.951456,1.25,short
1903,Judge Himes,129,34.883721,1.25,short
1904,Elwood,128.5,35.019455,1.25,short
1905,Agile,130.75,34.416826,1.25,short
1906,Sir Huon,128.8,34.937888,1.25,short
1907,Pink Star,132.6,33.936652,1.25,short
1908,Stone Street,135.2,33.284024,1.25,short
1909,Wintergreen,128.2,35.101404,1.25,short
1910,Donau,126.4,35.601266,1.25,short
1911,Meridian,125,36,1.25,short
1912,Worth,129.4,34.775889,1.25,short
1913,Donerail,124.8,36.057692,1.25,short
1914,Old Rosebud,123.4,36.466775,1.25,short
1915,Regret,125.4,35.885167,1.25,short
1916,George Smith,124,36.290323,1.25,short
1917,Omar Khayyam,124.6,36.11557,1.25,short
1918,Exterminator,130.8,34.40367,1.25,short
1919,Sir Barton,129.8,34.668721,1.25,short
1920,Paul Jones,129,34.883721,1.25,short
1921,Behave Yourself,124.2,36.231884,1.25,short
1922,Morvich,124.6,36.11557,1.25,short
1923,Zev,125.4,35.885167,1.25,short
1924,Black Gold,125.2,35.942492,1.25,short
1925,Flying Ebony,127.6,35.266458,1.25,short
1926,Bubbling Over,123.8,36.34895,1.25,short
1927,Whiskery,126,35.714286,1.25,short
1928,Reigh Count,130.4,34.509202,1.25,short
1929,Clyde Van Dusen,130.8,34.40367,1.25,short
1930,Gallant Fox,127.6,35.266458,1.25,short
1931,Twenty Grand,121.8,36.945813,1.25,short
1932,Burgoo King,125.2,35.942492,1.25,short
1933,Brokers Tip,126.8,35.488959,1.25,short
1934,Cavalcade,124,36.290323,1.25,short
1935,Omaha,125,36,1.25,short
1936,Bold Venture,123.6,36.407767,1.25,short
1937,War Admiral,123.2,36.525974,1.25,short
1938,Lawrin,124.8,36.057692,1.25,short
1939,Johnstown,123.4,36.466775,1.25,short
1940,Gallahadion,125,36,1.25,short
1941,Whirlaway,121.4,37.067545,1.25,short
1942,Shut Out,124.4,36.173633,1.25,short
1943,Count Fleet,124,36.290323,1.25,short
1944,Pensive,124.2,36.231884,1.25,short
1945,Hoop Jr.,127,35.433071,1.25,short
1946,Assault,126.6,35.545024,1.25,short
1947,Jet Pilot,126.8,35.488959,1.25,short
1948,Citation,125.4,35.885167,1.25,short
1949,Ponder,124.2,36.231884,1.25,short
1950,Middleground,121.6,37.006579,1.25,short
1951,Count Turf,122.6,36.704731,1.25,short
1952,Hill Gail,121.6,37.006579,1.25,short
1953,Dark Star,122,36.885246,1.25,short
1954,Determine,123,36.585366,1.25,short
1955,Swaps,121.8,36.945813,1.25,short
1956,Needles,123.4,36.466775,1.25,short
1957,Iron Liege,122.2,36.824877,1.25,short
1958,Tim Tam,125,36,1.25,short
1959,Tomy Lee,122.2,36.824877,1.25,short
1960,Venetian Way,122.4,36.764706,1.25,short
1961,Carry Back,124,36.290323,1.25,short
1962,Decidedly,120.4,37.375415,1.25,short
1963,Chateaugay,121.8,36.945813,1.25,short
1964,Northern Dancer,120,37.5,1.25,short
1965,Lucky Debonair,121.2,37.128713,1.25,short
1966,Kauai King,122,36.885246,1.25,short
1967,Proud Clarion,120.6,37.313433,1.25,short
1968,Forward Pass,122.2,36.824877,1.25,short
1969,Majestic Prince,121.8,36.945813,1.25,short
1970,Dust Commander,123.4,36.466775,1.25,short
1971,Canonero II,123.2,36.525974,1.25,short
1972,Riva Ridge,121.8,36.945813,1.25,short
1973,Secretariat,119.4,37.688442,1.25,short
1974,Cannonade,124,36.290323,1.25,short
1975,Foolish Pleasure,122,36.885246,1.25,short
1976,Bold Forbes,121.6,37.006579,1.25,short
1977,Seattle Slew,122.2,36.824877,1.25,short
1978,Affirmed,121.2,37.128713,1.25,short
1979,Spectacular Bid,122.4,36.764706,1.25,short
1980,Genuine Risk,122,36.885246,1.25,short
1981,Pleasant Colony,122,36.885246,1.25,short
1982,Gato Del Sol,122.4,36.764706,1.25,short
1983,Sunny's Halo,122.2,36.824877,1.25,short
1984,Swale,122.4,36.764706,1.25,short
1985,Spend a Buck,120.2,37.437604,1.25,short
1986,Ferdinand,122.8,36.644951,1.25,short
1987,Alysheba,123.4,36.466775,1.25,short
1988,Winning Colors,122.2,36.824877,1.25,short
1989,Sunday Silence,125,36,1.25,short
1990,Unbridled,122,36.885246,1.25,short
1991,Strike the Gold,123,36.585366,1.25,short
1992,Lil E. Tee,123,36.585366,1.25,short
1993,Sea Hero,122.4,36.764706,1.25,short
1994,Go for Gin,123.6,36.407767,1.25,short
1995,Thunder Gulch,121.2,37.128713,1.25,short
1996,Grindstone,121,37.190083,1.25,short
1997,Silver Charm,122.4,36.764706,1.25,short
1998,Real Quiet,122.2,36.824877,1.25,short
1999,Charismatic,123.2,36.525974,1.25,short
2000,Fusaichi Pegasus,121,37.190083,1.25,short
2001,Monarchos,119.97,37.509377,1.25,short
2002,War Emblem,121.13,37.150169,1.25,short
2003,Funny Cide,121.19,37.131777,1.25,short
2004,Smarty Jones,124.06,36.272771,1.25,short
2005,Giacomo,122.75,36.659878,1.25,short
2006,Barbaro,121.36,37.079763,1.25,short
2007,Street Sense,122.17,36.83392,1.25,short
